Day of Date Cancelled,Order ID,Order Link,Products Name,Category,Marketplace,Site,Username
"September 28, 2022",96992842,https://all.worldfront.co/axis/orders.php?action=edit&oID=96992842,DreamWorks Dragons Squeeze & Growl Lightfury 25cm Plush,Toys,Kogan,World,*
"September 28, 2022",98045912,https://all.worldfront.co/axis/orders.php?action=edit&oID=98045912,"Barossa Design Small Shower Curtain or Liner with 3 Magnets for Shower Stall Size 90cm x 180cm , PEVA, Waterproof, PVC Free, Metal Grommets, Clear, 36x 72",Homeware,Kogan,World,*
"September 28, 2022",753584826,https://all.worldfront.co/axis/orders.php?action=edit&oID=753584826,"GICASA Stainless Steel Filter Drinking Water Purifier Faucet, Beverage Faucet Water Filtration Faucet Brushed Nickel",Lifestyle,Fishpond AU,AU,*
"September 28, 2022",769163004,https://all.worldfront.co/axis/orders.php?action=edit&oID=769163004,STORMSURE/STORMSEAL WATERPROOF WATERPROOFING REPAIR NEW,Sports & Outdoors,Fishpond AU,AU,*
"September 27, 2022",51466344,https://all.worldfront.co/axis/orders.php?action=edit&oID=51466344,"Aloka SleepyLights, Nightlight, Remote Control Included, Race Car",Baby,Fishpond NZ,NZ,*
"September 27, 2022",51607822,https://all.worldfront.co/axis/orders.php?action=edit&oID=51607822,Avon Care Sun+ Face & Body Very Water Resistant Moisturising Sun Cream SPF50,Beauty,Fishpond NZ,NZ,*
"September 27, 2022",58951591,https://all.worldfront.co/axis/orders.php?action=edit&oID=58951591,"Beacon 5ml Tube of Power-Tac, One Size",Arts & Crafts,Fishpond NZ,NZ,*
"September 27, 2022",59802728,https://all.worldfront.co/axis/orders.php?action=edit&oID=59802728,Prismacolor Premier Double-Ended Brush Tip Markers cool grey 40% 111,Toys,Fishpond NZ,NZ,*
"September 27, 2022",90817744,https://all.worldfront.co/axis/orders.php?action=edit&oID=90817744,Dramm 12342 400DC Die Cast Aluminium Water Breaker Nozzle. Delivery is Free,Homeware,eBay AU2,World,*
"September 27, 2022",90862833,https://all.worldfront.co/axis/orders.php?action=edit&oID=90862833,"ACTIVSCIENCE Neck Firming Cream, Anti Aging Moisturizer for Neck & Décolleté, Double Chin Reducer, Skin Tightening Cream 1.7 fl oz.",Beauty,Amazon AU2,World,*
"September 27, 2022",92415784,https://all.worldfront.co/axis/orders.php?action=edit&oID=92415784,"Crock-Pot SCCPLC200-G 20-Ounce Lunch Crock Food Warmer, Black",Kitchen,Amazon AU2,World,*
"September 27, 2022",94399514,https://all.worldfront.co/axis/orders.php?action=edit&oID=94399514,"Vanity Planet Aera Ionic Facial Steamer- Pore Cleaner that Detoxifies, Cleanses and Moisturizes Skin, Adjustable Nozzle, Inbuilt Water Tank with 3 Essential oil Baskets",Beauty,Amazon AU2,World,*
"September 27, 2022",95421838,https://all.worldfront.co/axis/orders.php?action=edit&oID=95421838,Franchi Chicory Spadona,Homeware,Fishpond World,World,*
"September 27, 2022",98348004,https://all.worldfront.co/axis/orders.php?action=edit&oID=98348004,36cm Widthx 1m Caning Supplies Caning Material Roll Gold Cane Webbing Contact Paper Cane Sheets for Furniture 12 Caning Material for Chairs Kit Rattan Mesh Dark（1m),Arts & Crafts,127,World,*
"September 27, 2022",98479163,https://all.worldfront.co/axis/orders.php?action=edit&oID=98479163,PH Factor 5.5 Retinol Cream for face and body with Ferulic Acid. Anti-Sagging cream Targets Crepey Skin and wrinkles. Anti-Ageing Cream with Retinol and Ferulic Acid. Large 440ml bottle with pump.,Beauty,Amazon AU2,World,*
"September 27, 2022",707347244,https://all.worldfront.co/axis/orders.php?action=edit&oID=707347244,"5G Tablet, 2.4G 5G Dual Camera 18cm Tablet 8 Core Processor for School",Electronics,Fishpond AU,AU,*
"September 27, 2022",765494533,https://all.worldfront.co/axis/orders.php?action=edit&oID=765494533,"Clubman Pinaud Hair Tonic, 370ml",Beauty,Fishpond AU,AU,*
"September 27, 2022",782337273,https://all.worldfront.co/axis/orders.php?action=edit&oID=782337273,PowerBar Energise Adult Unisex Colourless One Size,Sports & Outdoors,Fishpond AU,AU,*
"September 26, 2022",94466787,https://all.worldfront.co/axis/orders.php?action=edit&oID=94466787,"Mia Secret - 0.5 FLoz UV,LED BLOOMING GEL FOR SPREADING EFFECTS",Beauty,Amazon AU2,World,*
"September 26, 2022",94540322,https://all.worldfront.co/axis/orders.php?action=edit&oID=94540322,PME Petal Glue 60 g,Arts & Crafts,Trade Me,World,*
"September 26, 2022",96498632,https://all.worldfront.co/axis/orders.php?action=edit&oID=96498632,"MANGROOMER Ultimate Pro Back Shaver with 2 Shock Absorber Flex Heads, Power Hinge, Extreme Reach Handle and Power Burst",Beauty,Amazon AU2,World,*
"September 26, 2022",96664233,https://all.worldfront.co/axis/orders.php?action=edit&oID=96664233,Motiexic Remote Control for JBL Bar 5.1 Bar Studio Bar 3.1 Bar 2.1 Sound Bar (Battery Included),Electronics,127,World,*
"September 26, 2022",97065476,https://all.worldfront.co/axis/orders.php?action=edit&oID=97065476,"MANGROOMER Ultimate Pro Back Shaver with 2 Shock Absorber Flex Heads, Power Hinge, Extreme Reach Handle and Power Burst",Beauty,Amazon AU2,World,*
"September 26, 2022",98204496,https://all.worldfront.co/axis/orders.php?action=edit&oID=98204496,Advanced Clinicals Retinol Cream. Spa Size For Salon Professionals. Moisturizing Formula Penetrates Skin To Erase The Appearance Of Fine Lines & Wrinkles. Fragrance Free. 454g (16 Oz),Beauty,Amazon AU2,World,*
"September 26, 2022",98768396,https://all.worldfront.co/axis/orders.php?action=edit&oID=98768396,Taha Botanic Fitoxil Tricology Hair Lost Treatment Forte Classic 6 x 10 ml.,Beauty,Fishpond World,World,*
"September 26, 2022",99516773,https://all.worldfront.co/axis/orders.php?action=edit&oID=99516773,Devon Violet Fragrance Oil,Homeware,Fishpond World,World,*
"September 26, 2022",757247337,https://all.worldfront.co/axis/orders.php?action=edit&oID=757247337,Aerobie Skylighter 10 Ultimate Flying Disc w/Super Bright Long Lasting LEDs,Sports & Outdoors,Fishpond AU,AU,*
"September 26, 2022",790757623,https://all.worldfront.co/axis/orders.php?action=edit&oID=790757623,"Russell Hobbs BW00768 Digital Kitchen Scale, 5 kg, Black",Kitchen,Fishpond AU,AU,*
"September 25, 2022",92510555,https://all.worldfront.co/axis/orders.php?action=edit&oID=92510555,Mario Badescu Oil Free Moisturizer SPF 30 2 Fl Oz,Beauty,Amazon AU2,World,*
"September 25, 2022",92639538,https://all.worldfront.co/axis/orders.php?action=edit&oID=92639538,21 Stand Up Star Wars Character Edible Cupcake Toppers,Toys,Trade Me,World,*
"September 25, 2022",94005888,https://all.worldfront.co/axis/orders.php?action=edit&oID=94005888,Bed Head Little Tease Hair Crimper | For Crimped Texture (1 in),Beauty,Amazon AU2,World,*
"September 25, 2022",95865563,https://all.worldfront.co/axis/orders.php?action=edit&oID=95865563,"PicassoTiles 2-in-1 Double Sided Magnetic Drawing Board ABC A-Z Letter, Number, and Freestyle Writing Playboard 12x10 inch Large Magnet Tablet Pad Open-Ended Learning Erasable Reusable Playset PTB02",Toys,Amazon AU2,World,*
"September 25, 2022",96774690,https://all.worldfront.co/axis/orders.php?action=edit&oID=96774690,"TAMAGOTCHI 88836 88836-Jurassic World Virtual Pet with Mini-Games, Animated Clips, Extra Modes-Amber, Multicoloured",Games,Amazon AU1,World,*
"September 25, 2022",779101297,https://all.worldfront.co/axis/orders.php?action=edit&oID=779101297,Howard Products,Lifestyle,Fishpond AU,AU,*
"September 24, 2022",98617650,https://all.worldfront.co/axis/orders.php?action=edit&oID=98617650,"Yankee Candle Smart Scent Vent Clip, Bahama Breeze",Homeware,Kogan,World,*
"September 24, 2022",99133791,https://all.worldfront.co/axis/orders.php?action=edit&oID=99133791,Affinage - Hot Shotz Burnt Copper 200ml,Beauty,Fishpond World,World,*
"September 24, 2022",724843197,https://all.worldfront.co/axis/orders.php?action=edit&oID=724843197,LorAnn Oils Mold Inhibitor Flavor 1 oz Clear,Kitchen,Fishpond AU,AU,*
